Administrator,-
Advokat,Pengacara
Agen Rahasia,Mata-mata
Aktor,Pemeran
Akuntan,-
Antariksawan,Astronot
Apoteker,-
Arsitek,-
Atlet,atlit
Bartender,Pramutama bar
Bidan,-
Blogger,-
Buruh,-
Calo,-
Camat,-
Desainer,Perancang
Direktur,-
Dokter,-
Dokter hewan,-
Dosen,-
Editor,Redaktur
Fotografer,Juru foto
Gamer,-
Guide,-
Guru,Pengajar
Ilmuwan,-
Ilustrator,-
Insinyur,-
Inspektur,-
Jaksa,-
Jurnalis,Wartawan
Karyawan,Buruh
Kasir,-
Kiai,Ulama
Koki,Juru masak
Komikus,-
Kondektur,-
Konsultan,Pakar runding
Lurah,-
Manajer,-
Masinis,Juru mesin
Model,-
Nakhoda,Nakoda
Nelayan,-
Novelis,Penulis
Operator,-
Pastor,agama Kristen
Pedagang,-
Pegawai Negeri,-
Pekerja Sosial,-
Pelaut,-
Pelayan,-
Pelukis,-
Pemadam Kebakaran,Damkar
Pemahat,Seni pahat
Pemeran,Aktor
Programmer,Pengembang perangkat lunak
Penari,-
Pendeta,-
Peneliti,-
Penerjemah,-
Pengacara,Advokat
Tukang pos,Pengantar surat
Pengusaha,Wirausahawan
Penulis,-
Penyanyi,-
Desainer,Perancang 
Desainer grafis,Perancang grafis
Perawat,-
Peretas,-
Perminyakan,-
Petani,-
Polisi,-
Politikus,-
Pramugari,-
Psikiater,Dokter jiwa
Psikolog,Ahli psikologi
Pilot,Pengemudi pesawat terbang
Pramusaji,-
Pramugara,-
Presiden,-
Raja,-
Ratu,-
Refractionis Optisen,-
Resepsionis,-
Satpam,Satuan pengamanan
Satuan pengamanan,Satpam
Sekretaris,-
Selebriti,-
Seniman,-
Sopir,Supir
Tani,Petani
Tengkulak,-
TNI,-
Tukang kayu,-
Ulama,agama Islam
Ustad,-
Video Editor,-
Wartawan,Jurnalis
Wiraswastawan,Wirausahawan
Youtubers,-
Zumba Instruktur,-