1,Audit,-
1,Perbankan/Keuangan,-
1,Keuangan/Investasi,-
1,Akuntansi Umum/Pembiayaan,-
2,Staf/Administrasi umum,-
2,Personalia,-
2,Sekretaris,-
2,Manajemen Atas,-
3,Periklanan,-
3,Seni/Desain Kreatif,-
3,Hiburan/Seni Panggung,-
3,Hubungan Masyarakat,-
4,Arsitek/Desain Interior,-
4,Sipil/Konstruksi Bangunan,-
4,Properti/Real Estate,-
4,Survei Kuantitas,-
5,Semua Komputer/IT,-
5,IT-Perangkat Keras,-
5,IT-Jaringan/Sistem/Sistem Database,-
5,IT-Perangkat Lunak,-
6,Pendidikan,-
6,Penelitian &amp; Pengembangan,-
7,Teknik Kimia,-
7,Teknik Elektrikal,-
7,Teknik Elektro,-
7,Teknik Lingkungan,-
7,Teknik,-
7,Mekanik/Otomotif,-
7,Teknik Perminyakan,-
7,Teknik Lainnya,-
8,Dokter/Diagnosa,-
8,Farmasi,-
8,Praktisi/Asisten Medis,-
9,Makanan/Minuman/Pelayanan Restoran,-
9,Hotel/Pariwisata,-
10,Pemeliharaan,-
10,Manufaktur,-
10,Kontrol Proses,-
10,Pembelian/Manajemen Material,-
10,Penjaminan Kualitas / QA,-
11,Penjualan - Korporasi,-
11,Digital Marketing,-
11,E-commerce,-
11,Pemasaran/Pengembangan Bisnis,-
11,Merchandising,-
11,Penjualan Ritel,-
11,Penjualan - Teknik/Teknikal/IT,-
11,Proses desain dan kontrol,-
11,Tele-sales/Telemarketing,-
12,Aktuaria/Statistik,-
12,Pertanian,-
12,Penerbangan,-
12,Biomedis,-
12,Bioteknologi,-
12,Kimia,-
12,Teknologi Makanan/Ahli Gizi,-
12,Geologi/Geofisika,-
12,Ilmu Pengetahuan &amp; Teknologi/Lab,-
13,Keamanan / Angkatan Bersenjata,-
13,Pelayanan Pelanggan,-
13,Logistik/Jaringan distribusi,-
13,Hukum / Legal,-
13,Perawatan Kesehatan / Kecantikan,-
13,Pelayanan kemasyarakatan,-
13,Teknikal &amp; Bantuan Pelanggan,-
14,Pekerjaan Umum,-
14,Jurnalis/Editor,-
14,Penerbitan,-
14,Lainnya/Kategori tidak tersedia,-